sample_id,image_path,temperature_c,humidity_percent,co2_ppm,hcho_raw,tvoc_raw,valid,split,notes,proposal_status,model,prompt_version,labeled_at_utc,attempts,duration_seconds,review_decision,corrected_co2_ppm,corrected_hcho_raw,corrected_tvoc_raw,corrected_temperature_c,corrected_humidity_percent,reviewer,reviewed_at_utc,quality_reasons,temporal_flags
capture_0001,tools/dataset/captures/http_300_aqs_20260626T2040Z/capture_0001.jpg,20,2,240,2,3,false,train,ocr_invalid_or_implausible,rejected,qwen3-vl:4b,aqs-five-field-v2,2026-06-29T10:21:08+00:00,1,2.7,pending,,,,,,,,,
capture_0002,tools/dataset/captures/http_300_aqs_20260626T2040Z/capture_0002.jpg,2,0,0,0,0,false,train,ocr_invalid_or_implausible,rejected,qwen3-vl:4b,aqs-five-field-v2,2026-06-29T10:14:11+00:00,1,2.8,pending,,,,,,,,,
capture_0003,tools/dataset/captures/http_300_aqs_20260626T2040Z/capture_0003.jpg,2,0,0,0,0,false,train,ocr_invalid_or_implausible,rejected,qwen3-vl:4b,aqs-five-field-v2,2026-06-29T10:08:10+00:00,1,2.0,pending,,,,,,,,,
capture_0004,tools/dataset/captures/http_300_aqs_20260626T2040Z/capture_0004.jpg,2,0,0,0,0,false,train,ocr_invalid_or_implausible,rejected,qwen3-vl:4b,aqs-five-field-v2,2026-06-29T10:09:15+00:00,1,2.1,pending,,,,,,,,,
capture_0005,tools/dataset/captures/http_300_aqs_20260626T2040Z/capture_0005.jpg,2,0,0,0,0,false,train,ocr_invalid_or_implausible,rejected,qwen3-vl:4b,aqs-five-field-v2,2026-06-29T10:18:57+00:00,1,2.6,pending,,,,,,,,,
capture_0006,tools/dataset/captures/http_300_aqs_20260626T2040Z/capture_0006.jpg,2,0,0,0,0,false,train,ocr_invalid_or_implausible,rejected,qwen3-vl:4b,aqs-five-field-v2,2026-06-29T10:15:50+00:00,1,2.7,pending,,,,,,,,,
capture_0007,tools/dataset/captures/http_300_aqs_20260626T2040Z/capture_0007.jpg,2,0,0,0,0,false,train,ocr_invalid_or_implausible,rejected,qwen3-vl:4b,aqs-five-field-v2,2026-06-29T10:07:20+00:00,1,2.0,pending,,,,,,,,,
capture_0008,tools/dataset/captures/http_300_aqs_20260626T2040Z/capture_0008.jpg,2,0,0,0,0,false,train,ocr_invalid_or_implausible,rejected,qwen3-vl:4b,aqs-five-field-v2,2026-06-29T10:04:50+00:00,1,1.9,pending,,,,,,,,,
capture_0009,tools/dataset/captures/http_300_aqs_20260626T2040Z/capture_0009.jpg,2,0,0,0,0,false,train,ocr_invalid_or_implausible,rejected,qwen3-vl:4b,aqs-five-field-v2,2026-06-29T10:15:31+00:00,1,2.7,pending,,,,,,,,,
capture_0010,tools/dataset/captures/http_300_aqs_20260626T2040Z/capture_0010.jpg,0,0,0,0,0,false,train,ocr_invalid_or_implausible,rejected,qwen3-vl:4b,aqs-five-field-v2,2026-06-29T10:07:45+00:00,1,2.0,pending,,,,,,,,,
capture_0011,tools/dataset/captures/http_300_aqs_20260626T2040Z/capture_0011.jpg,0,0,0,0,0,false,train,ocr_invalid_or_implausible,rejected,qwen3-vl:4b,aqs-five-field-v2,2026-06-29T10:19:44+00:00,1,2.6,pending,,,,,,,,,
capture_0012,tools/dataset/captures/http_300_aqs_20260626T2040Z/capture_0012.jpg,22,0,46,0,36,false,train,ocr_invalid_or_implausible,rejected,qwen3-vl:4b,aqs-five-field-v2,2026-06-29T10:18:39+00:00,1,2.5,pending,,,,,,,,,
capture_0013,tools/dataset/captures/http_300_aqs_20260626T2040Z/capture_0013.jpg,22,0,46,0,0,false,train,ocr_invalid_or_implausible,rejected,qwen3-vl:4b,aqs-five-field-v2,2026-06-29T10:10:57+00:00,1,2.6,pending,,,,,,,,,
capture_0014,tools/dataset/captures/http_300_aqs_20260626T2040Z/capture_0014.jpg,24,0,46,11,0,false,train,ocr_invalid_or_implausible,rejected,qwen3-vl:4b,aqs-five-field-v2,2026-06-29T10:08:04+00:00,1,2.3,pending,,,,,,,,,
capture_0015,tools/dataset/captures/http_300_aqs_20260626T2040Z/capture_0015.jpg,12,0,46,11,0,false,train,ocr_invalid_or_implausible,rejected,qwen3-vl:4b,aqs-five-field-v2,2026-06-29T10:17:17+00:00,1,2.7,pending,,,,,,,,,
capture_0016,tools/dataset/captures/http_300_aqs_20260626T2040Z/capture_0016.jpg,1,0,0,0,0,false,train,ocr_invalid_or_implausible,rejected,qwen3-vl:4b,aqs-five-field-v2,2026-06-29T10:16:26+00:00,1,2.7,pending,,,,,,,,,
capture_0017,tools/dataset/captures/http_300_aqs_20260626T2040Z/capture_0017.jpg,24,11,46,13,36,false,train,ocr_invalid_or_implausible,rejected,qwen3-vl:4b,aqs-five-field-v2,2026-06-29T10:16:04+00:00,1,2.6,pending,,,,,,,,,
capture_0018,tools/dataset/captures/http_300_aqs_20260626T2040Z/capture_0018.jpg,12,0,46,11,0,false,train,ocr_invalid_or_implausible,rejected,qwen3-vl:4b,aqs-five-field-v2,2026-06-29T10:17:35+00:00,1,2.8,pending,,,,,,,,,
capture_0019,tools/dataset/captures/http_300_aqs_20260626T2040Z/capture_0019.jpg,1,1,0,0,0,false,train,ocr_invalid_or_implausible,rejected,qwen3-vl:4b,aqs-five-field-v2,2026-06-29T10:19:01+00:00,1,2.7,pending,,,,,,,,,
capture_0020,tools/dataset/captures/http_300_aqs_20260626T2040Z/capture_0020.jpg,24,11,46,13,36,false,train,ocr_invalid_or_implausible,rejected,qwen3-vl:4b,aqs-five-field-v2,2026-06-29T10:18:05+00:00,1,2.7,pending,,,,,,,,,
capture_0021,tools/dataset/captures/http_300_aqs_20260626T2040Z/capture_0021.jpg,12,12,46,11,36,false,train,ocr_invalid_or_implausible,rejected,qwen3-vl:4b,aqs-five-field-v2,2026-06-29T10:12:05+00:00,1,2.7,pending,,,,,,,,,
capture_0022,tools/dataset/captures/http_300_aqs_20260626T2040Z/capture_0022.jpg,24,11,46,13,36,false,train,ocr_invalid_or_implausible,rejected,qwen3-vl:4b,aqs-five-field-v2,2026-06-29T10:20:06+00:00,1,2.9,pending,,,,,,,,,
capture_0023,tools/dataset/captures/http_300_aqs_20260626T2040Z/capture_0023.jpg,12,12,46,13,36,false,train,ocr_invalid_or_implausible,rejected,qwen3-vl:4b,aqs-five-field-v2,2026-06-29T10:04:59+00:00,1,2.0,pending,,,,,,,,,
capture_0024,tools/dataset/captures/http_300_aqs_20260626T2040Z/capture_0024.jpg,22,11,444,11,36,true,train,ollama_ocr,accepted,qwen3-vl:4b,aqs-five-field-v2,2026-06-29T10:12:15+00:00,1,2.8,pending,,,,,,,,,
capture_0025,tools/dataset/captures/http_300_aqs_20260626T2040Z/capture_0025.jpg,0,0,0,0,0,false,train,ocr_invalid_or_implausible,rejected,qwen3-vl:4b,aqs-five-field-v2,2026-06-29T10:08:22+00:00,1,2.3,pending,,,,,,,,,
capture_0026,tools/dataset/captures/http_300_aqs_20260626T2040Z/capture_0026.jpg,24,11,0,0,0,false,train,ocr_invalid_or_implausible,rejected,qwen3-vl:4b,aqs-five-field-v2,2026-06-29T10:14:51+00:00,1,2.7,pending,,,,,,,,,
capture_0027,tools/dataset/captures/http_300_aqs_20260626T2040Z/capture_0027.jpg,24,0,0,0,0,false,train,ocr_invalid_or_implausible,rejected,qwen3-vl:4b,aqs-five-field-v2,2026-06-29T10:20:14+00:00,1,2.5,pending,,,,,,,,,
capture_0028,tools/dataset/captures/http_300_aqs_20260626T2040Z/capture_0028.jpg,0,0,0,0,0,false,train,ocr_invalid_or_implausible,rejected,qwen3-vl:4b,aqs-five-field-v2,2026-06-29T10:13:39+00:00,1,2.6,pending,,,,,,,,,
capture_0029,tools/dataset/captures/http_300_aqs_20260626T2040Z/capture_0029.jpg,2,0,0,0,0,false,train,ocr_invalid_or_implausible,rejected,qwen3-vl:4b,aqs-five-field-v2,2026-06-29T10:10:35+00:00,1,2.5,pending,,,,,,,,,
capture_0030,tools/dataset/captures/http_300_aqs_20260626T2040Z/capture_0030.jpg,0,0,0,13,36,false,train,ocr_invalid_or_implausible,rejected,qwen3-vl:4b,aqs-five-field-v2,2026-06-29T10:13:35+00:00,1,2.7,pending,,,,,,,,,
capture_0031,tools/dataset/captures/http_300_aqs_20260626T2040Z/capture_0031.jpg,22,12,0,13,36,false,train,ocr_invalid_or_implausible,rejected,qwen3-vl:4b,aqs-five-field-v2,2026-06-29T10:21:23+00:00,1,2.7,pending,,,,,,,,,
capture_0032,tools/dataset/captures/http_300_aqs_20260626T2040Z/capture_0032.jpg,2,1,0,13,36,false,train,ocr_invalid_or_implausible,rejected,qwen3-vl:4b,aqs-five-field-v2,2026-06-29T10:14:30+00:00,1,2.5,pending,,,,,,,,,
capture_0033,tools/dataset/captures/http_300_aqs_20260626T2040Z/capture_0033.jpg,3,0,0,13,36,false,train,ocr_invalid_or_implausible,rejected,qwen3-vl:4b,aqs-five-field-v2,2026-06-29T10:05:17+00:00,1,2.0,pending,,,,,,,,,
capture_0034,tools/dataset/captures/http_300_aqs_20260626T2040Z/capture_0034.jpg,18,0,0,13,36,false,train,ocr_invalid_or_implausible,rejected,qwen3-vl:4b,aqs-five-field-v2,2026-06-29T10:11:32+00:00,1,2.5,pending,,,,,,,,,
capture_0035,tools/dataset/captures/http_300_aqs_20260626T2040Z/capture_0035.jpg,23,13,312,13,36,true,train,ollama_ocr,accepted,qwen3-vl:4b,aqs-five-field-v2,2026-06-29T10:07:09+00:00,1,2.1,pending,,,,,,,,,co2_ppm:312:neighbor_median=444
capture_0036,tools/dataset/captures/http_300_aqs_20260626T2040Z/capture_0036.jpg,22,12,0,13,36,false,train,ocr_invalid_or_implausible,rejected,qwen3-vl:4b,aqs-five-field-v2,2026-06-29T10:20:17+00:00,1,2.6,pending,,,,,,,,,
capture_0037,tools/dataset/captures/http_300_aqs_20260626T2040Z/capture_0037.jpg,2,1,0,13,36,false,train,ocr_invalid_or_implausible,rejected,qwen3-vl:4b,aqs-five-field-v2,2026-06-29T10:06:51+00:00,1,2.0,pending,,,,,,,,,
capture_0038,tools/dataset/captures/http_300_aqs_20260626T2040Z/capture_0038.jpg,22,12,0,13,36,false,train,ocr_invalid_or_implausible,rejected,qwen3-vl:4b,aqs-five-field-v2,2026-06-29T10:13:24+00:00,1,2.7,pending,,,,,,,,,
capture_0039,tools/dataset/captures/http_300_aqs_20260626T2040Z/capture_0039.jpg,22,12,0,13,36,false,train,ocr_invalid_or_implausible,rejected,qwen3-vl:4b,aqs-five-field-v2,2026-06-29T10:05:29+00:00,1,2.0,pending,,,,,,,,,
capture_0040,tools/dataset/captures/http_300_aqs_20260626T2040Z/capture_0040.jpg,2,12,0,13,36,false,train,ocr_invalid_or_implausible,rejected,qwen3-vl:4b,aqs-five-field-v2,2026-06-29T10:08:13+00:00,1,2.2,pending,,,,,,,,,
capture_0041,tools/dataset/captures/http_300_aqs_20260626T2040Z/capture_0041.jpg,24,0,0,13,36,false,train,ocr_invalid_or_implausible,rejected,qwen3-vl:4b,aqs-five-field-v2,2026-06-29T10:20:54+00:00,1,2.7,pending,,,,,,,,,
capture_0042,tools/dataset/captures/http_300_aqs_20260626T2040Z/capture_0042.jpg,8,0,0,0,0,false,train,ocr_invalid_or_implausible,rejected,qwen3-vl:4b,aqs-five-field-v2,2026-06-29T10:21:04+00:00,1,2.6,pending,,,,,,,,,
capture_0043,tools/dataset/captures/http_300_aqs_20260626T2040Z/capture_0043.jpg,0,0,0,0,0,false,train,ocr_invalid_or_implausible,rejected,qwen3-vl:4b,aqs-five-field-v2,2026-06-29T10:07:18+00:00,1,1.9,pending,,,,,,,,,
capture_0044,tools/dataset/captures/http_300_aqs_20260626T2040Z/capture_0044.jpg,2,0,0,0,0,false,train,ocr_invalid_or_implausible,rejected,qwen3-vl:4b,aqs-five-field-v2,2026-06-29T10:16:29+00:00,1,2.6,pending,,,,,,,,,
capture_0045,tools/dataset/captures/http_300_aqs_20260626T2040Z/capture_0045.jpg,2,0,0,0,0,false,train,ocr_invalid_or_implausible,rejected,qwen3-vl:4b,aqs-five-field-v2,2026-06-29T10:12:23+00:00,1,2.6,pending,,,,,,,,,
capture_0046,tools/dataset/captures/http_300_aqs_20260626T2040Z/capture_0046.jpg,2,0,312,0,0,false,train,ocr_invalid_or_implausible,rejected,qwen3-vl:4b,aqs-five-field-v2,2026-06-29T10:09:54+00:00,1,2.4,pending,,,,,,,,,
capture_0047,tools/dataset/captures/http_300_aqs_20260626T2040Z/capture_0047.jpg,2,0,0,0,0,false,train,ocr_invalid_or_implausible,rejected,qwen3-vl:4b,aqs-five-field-v2,2026-06-29T10:07:23+00:00,1,1.9,pending,,,,,,,,,
capture_0048,tools/dataset/captures/http_300_aqs_20260626T2040Z/capture_0048.jpg,2,0,0,0,0,false,train,ocr_invalid_or_implausible,rejected,qwen3-vl:4b,aqs-five-field-v2,2026-06-29T10:15:35+00:00,1,2.6,pending,,,,,,,,,
capture_0049,tools/dataset/captures/http_300_aqs_20260626T2040Z/capture_0049.jpg,2,0,0,0,0,false,train,ocr_invalid_or_implausible,rejected,qwen3-vl:4b,aqs-five-field-v2,2026-06-29T10:08:45+00:00,1,2.2,pending,,,,,,,,,
capture_0050,tools/dataset/captures/http_300_aqs_20260626T2040Z/capture_0050.jpg,2,0,0,0,0,false,train,ocr_invalid_or_implausible,rejected,qwen3-vl:4b,aqs-five-field-v2,2026-06-29T10:20:25+00:00,1,2.7,pending,,,,,,,,,
capture_0051,tools/dataset/captures/http_300_aqs_20260626T2040Z/capture_0051.jpg,2,0,0,13,36,false,train,ocr_invalid_or_implausible,rejected,qwen3-vl:4b,aqs-five-field-v2,2026-06-29T10:11:57+00:00,1,2.6,pending,,,,,,,,,
capture_0052,tools/dataset/captures/http_300_aqs_20260626T2040Z/capture_0052.jpg,2,0,0,0,0,false,train,ocr_invalid_or_implausible,rejected,qwen3-vl:4b,aqs-five-field-v2,2026-06-29T10:10:39+00:00,1,2.4,pending,,,,,,,,,
capture_0053,tools/dataset/captures/http_300_aqs_20260626T2040Z/capture_0053.jpg,2,0,0,0,0,false,train,ocr_invalid_or_implausible,rejected,qwen3-vl:4b,aqs-five-field-v2,2026-06-29T10:18:16+00:00,1,2.7,pending,,,,,,,,,
capture_0054,tools/dataset/captures/http_300_aqs_20260626T2040Z/capture_0054.jpg,2,0,0,0,0,false,train,ocr_invalid_or_implausible,rejected,qwen3-vl:4b,aqs-five-field-v2,2026-06-29T10:13:02+00:00,1,2.5,pending,,,,,,,,,
capture_0055,tools/dataset/captures/http_300_aqs_20260626T2040Z/capture_0055.jpg,2,0,0,0,0,false,train,ocr_invalid_or_implausible,rejected,qwen3-vl:4b,aqs-five-field-v2,2026-06-29T10:16:55+00:00,1,2.6,pending,,,,,,,,,
capture_0056,tools/dataset/captures/http_300_aqs_20260626T2040Z/capture_0056.jpg,2,0,0,0,0,false,train,ocr_invalid_or_implausible,rejected,qwen3-vl:4b,aqs-five-field-v2,2026-06-29T10:17:39+00:00,1,2.7,pending,,,,,,,,,
capture_0057,tools/dataset/captures/http_300_aqs_20260626T2040Z/capture_0057.jpg,2,0,0,0,0,false,train,ocr_invalid_or_implausible,rejected,qwen3-vl:4b,aqs-five-field-v2,2026-06-29T10:05:43+00:00,1,1.9,pending,,,,,,,,,
capture_0058,tools/dataset/captures/http_300_aqs_20260626T2040Z/capture_0058.jpg,2,0,0,0,0,false,train,ocr_invalid_or_implausible,rejected,qwen3-vl:4b,aqs-five-field-v2,2026-06-29T10:05:46+00:00,1,1.9,pending,,,,,,,,,
capture_0059,tools/dataset/captures/http_300_aqs_20260626T2040Z/capture_0059.jpg,2,0,0,0,0,false,train,ocr_invalid_or_implausible,rejected,qwen3-vl:4b,aqs-five-field-v2,2026-06-29T10:10:07+00:00,1,2.5,pending,,,,,,,,,
capture_0060,tools/dataset/captures/http_300_aqs_20260626T2040Z/capture_0060.jpg,2,0,0,0,0,false,train,ocr_invalid_or_implausible,rejected,qwen3-vl:4b,aqs-five-field-v2,2026-06-29T10:16:37+00:00,1,2.7,pending,,,,,,,,,
capture_0061,tools/dataset/captures/http_300_aqs_20260626T2040Z/capture_0061.jpg,2,1,0,11,0,false,train,ocr_invalid_or_implausible,rejected,qwen3-vl:4b,aqs-five-field-v2,2026-06-29T10:11:25+00:00,1,2.6,pending,,,,,,,,,
capture_0062,tools/dataset/captures/http_300_aqs_20260626T2040Z/capture_0062.jpg,24,11,0,11,0,false,train,ocr_invalid_or_implausible,rejected,qwen3-vl:4b,aqs-five-field-v2,2026-06-29T10:08:39+00:00,1,2.5,pending,,,,,,,,,
capture_0063,tools/dataset/captures/http_300_aqs_20260626T2040Z/capture_0063.jpg,24,11,0,13,36,false,train,ocr_invalid_or_implausible,rejected,qwen3-vl:4b,aqs-five-field-v2,2026-06-29T10:06:45+00:00,1,2.0,pending,,,,,,,,,
capture_0064,tools/dataset/captures/http_300_aqs_20260626T2040Z/capture_0064.jpg,24,11,0,13,36,false,train,ocr_invalid_or_implausible,rejected,qwen3-vl:4b,aqs-five-field-v2,2026-06-29T10:10:25+00:00,1,2.6,pending,,,,,,,,,
capture_0065,tools/dataset/captures/http_300_aqs_20260626T2040Z/capture_0065.jpg,2,0,0,0,0,false,train,ocr_invalid_or_implausible,rejected,qwen3-vl:4b,aqs-five-field-v2,2026-06-29T10:08:55+00:00,1,2.4,pending,,,,,,,,,
capture_0066,tools/dataset/captures/http_300_aqs_20260626T2040Z/capture_0066.jpg,2,0,0,0,0,false,train,ocr_invalid_or_implausible,rejected,qwen3-vl:4b,aqs-five-field-v2,2026-06-29T10:19:52+00:00,1,2.5,pending,,,,,,,,,
capture_0067,tools/dataset/captures/http_300_aqs_20260626T2040Z/capture_0067.jpg,2,0,0,0,0,false,train,ocr_invalid_or_implausible,rejected,qwen3-vl:4b,aqs-five-field-v2,2026-06-29T10:06:04+00:00,1,1.9,pending,,,,,,,,,
capture_0068,tools/dataset/captures/http_300_aqs_20260626T2040Z/capture_0068.jpg,2,0,240,0,0,false,train,ocr_invalid_or_implausible,rejected,qwen3-vl:4b,aqs-five-field-v2,2026-06-29T10:11:36+00:00,1,2.8,pending,,,,,,,,,
capture_0069,tools/dataset/captures/http_300_aqs_20260626T2040Z/capture_0069.jpg,2,0,0,0,0,false,train,ocr_invalid_or_implausible,rejected,qwen3-vl:4b,aqs-five-field-v2,2026-06-29T10:05:05+00:00,1,1.9,pending,,,,,,,,,
capture_0070,tools/dataset/captures/http_300_aqs_20260626T2040Z/capture_0070.jpg,2,0,0,0,0,false,train,ocr_invalid_or_implausible,rejected,qwen3-vl:4b,aqs-five-field-v2,2026-06-29T10:19:19+00:00,1,2.5,pending,,,,,,,,,
capture_0071,tools/dataset/captures/http_300_aqs_20260626T2040Z/capture_0071.jpg,2,0,0,0,0,false,train,ocr_invalid_or_implausible,rejected,qwen3-vl:4b,aqs-five-field-v2,2026-06-29T10:20:21+00:00,1,2.6,pending,,,,,,,,,
capture_0072,tools/dataset/captures/http_300_aqs_20260626T2040Z/capture_0072.jpg,2,0,0,0,0,false,train,ocr_invalid_or_implausible,rejected,qwen3-vl:4b,aqs-five-field-v2,2026-06-29T10:05:26+00:00,1,1.9,pending,,,,,,,,,
capture_0073,tools/dataset/captures/http_300_aqs_20260626T2040Z/capture_0073.jpg,2,0,0,0,0,false,train,ocr_invalid_or_implausible,rejected,qwen3-vl:4b,aqs-five-field-v2,2026-06-29T10:12:55+00:00,1,2.6,pending,,,,,,,,,
capture_0074,tools/dataset/captures/http_300_aqs_20260626T2040Z/capture_0074.jpg,2,0,0,0,0,false,train,ocr_invalid_or_implausible,rejected,qwen3-vl:4b,aqs-five-field-v2,2026-06-29T10:14:48+00:00,1,2.6,pending,,,,,,,,,
capture_0075,tools/dataset/captures/http_300_aqs_20260626T2040Z/capture_0075.jpg,2,0,0,0,0,false,train,ocr_invalid_or_implausible,rejected,qwen3-vl:4b,aqs-five-field-v2,2026-06-29T10:20:46+00:00,1,2.5,pending,,,,,,,,,
capture_0076,tools/dataset/captures/http_300_aqs_20260626T2040Z/capture_0076.jpg,2,0,0,0,0,false,train,ocr_invalid_or_implausible,rejected,qwen3-vl:4b,aqs-five-field-v2,2026-06-29T10:21:34+00:00,1,2.6,pending,,,,,,,,,
capture_0077,tools/dataset/captures/http_300_aqs_20260626T2040Z/capture_0077.jpg,2,0,0,0,0,false,train,ocr_invalid_or_implausible,rejected,qwen3-vl:4b,aqs-five-field-v2,2026-06-29T10:11:04+00:00,1,2.6,pending,,,,,,,,,
capture_0078,tools/dataset/captures/http_300_aqs_20260626T2040Z/capture_0078.jpg,2,0,0,0,0,false,train,ocr_invalid_or_implausible,rejected,qwen3-vl:4b,aqs-five-field-v2,2026-06-29T10:17:24+00:00,1,2.7,pending,,,,,,,,,
capture_0079,tools/dataset/captures/http_300_aqs_20260626T2040Z/capture_0079.jpg,2,0,0,0,0,false,train,ocr_invalid_or_implausible,rejected,qwen3-vl:4b,aqs-five-field-v2,2026-06-29T10:19:05+00:00,1,2.6,pending,,,,,,,,,
capture_0080,tools/dataset/captures/http_300_aqs_20260626T2040Z/capture_0080.jpg,2,0,0,13,36,false,train,ocr_invalid_or_implausible,rejected,qwen3-vl:4b,aqs-five-field-v2,2026-06-29T10:19:16+00:00,1,2.8,pending,,,,,,,,,
capture_0081,tools/dataset/captures/http_300_aqs_20260626T2040Z/capture_0081.jpg,2,12,0,0,0,false,train,ocr_invalid_or_implausible,rejected,qwen3-vl:4b,aqs-five-field-v2,2026-06-29T10:12:12+00:00,1,2.4,pending,,,,,,,,,
capture_0082,tools/dataset/captures/http_300_aqs_20260626T2040Z/capture_0082.jpg,2,0,0,13,36,false,train,ocr_invalid_or_implausible,rejected,qwen3-vl:4b,aqs-five-field-v2,2026-06-29T10:07:32+00:00,1,2.0,pending,,,,,,,,,
capture_0083,tools/dataset/captures/http_300_aqs_20260626T2040Z/capture_0083.jpg,2,0,0,0,0,false,train,ocr_invalid_or_implausible,rejected,qwen3-vl:4b,aqs-five-field-v2,2026-06-29T10:15:39+00:00,1,2.7,pending,,,,,,,,,
capture_0084,tools/dataset/captures/http_300_aqs_20260626T2040Z/capture_0084.jpg,2,12,0,0,0,false,train,ocr_invalid_or_implausible,rejected,qwen3-vl:4b,aqs-five-field-v2,2026-06-29T10:18:24+00:00,1,2.8,pending,,,,,,,,,
capture_0085,tools/dataset/captures/http_300_aqs_20260626T2040Z/capture_0085.jpg,2,0,0,0,0,false,train,ocr_invalid_or_implausible,rejected,qwen3-vl:4b,aqs-five-field-v2,2026-06-29T10:10:28+00:00,1,2.5,pending,,,,,,,,,
capture_0086,tools/dataset/captures/http_300_aqs_20260626T2040Z/capture_0086.jpg,2,0,0,0,0,false,train,ocr_invalid_or_implausible,rejected,qwen3-vl:4b,aqs-five-field-v2,2026-06-29T10:12:33+00:00,1,2.6,pending,,,,,,,,,
capture_0087,tools/dataset/captures/http_300_aqs_20260626T2040Z/capture_0087.jpg,2,1,0,0,0,false,train,ocr_invalid_or_implausible,rejected,qwen3-vl:4b,aqs-five-field-v2,2026-06-29T10:09:50+00:00,1,2.4,pending,,,,,,,,,
capture_0088,tools/dataset/captures/http_300_aqs_20260626T2040Z/capture_0088.jpg,2,0,0,13,36,false,train,ocr_invalid_or_implausible,rejected,qwen3-vl:4b,aqs-five-field-v2,2026-06-29T10:06:30+00:00,1,2.0,pending,,,,,,,,,
capture_0089,tools/dataset/captures/http_300_aqs_20260626T2040Z/capture_0089.jpg,24,11,46,13,36,false,train,ocr_invalid_or_implausible,rejected,qwen3-vl:4b,aqs-five-field-v2,2026-06-29T10:08:16+00:00,1,2.1,pending,,,,,,,,,
capture_0090,tools/dataset/captures/http_300_aqs_20260626T2040Z/capture_0090.jpg,24,11,46,13,36,false,train,ocr_invalid_or_implausible,rejected,qwen3-vl:4b,aqs-five-field-v2,2026-06-29T10:09:47+00:00,1,2.5,pending,,,,,,,,,
capture_0091,tools/dataset/captures/http_300_aqs_20260626T2040Z/capture_0091.jpg,2,0,0,0,0,false,train,ocr_invalid_or_implausible,rejected,qwen3-vl:4b,aqs-five-field-v2,2026-06-29T10:21:12+00:00,1,2.6,pending,,,,,,,,,
capture_0092,tools/dataset/captures/http_300_aqs_20260626T2040Z/capture_0092.jpg,24,11,46,13,36,false,train,ocr_invalid_or_implausible,rejected,qwen3-vl:4b,aqs-five-field-v2,2026-06-29T10:06:12+00:00,1,2.0,pending,,,,,,,,,
capture_0093,tools/dataset/captures/http_300_aqs_20260626T2040Z/capture_0093.jpg,2,12,46,11,0,false,train,ocr_invalid_or_implausible,rejected,qwen3-vl:4b,aqs-five-field-v2,2026-06-29T10:13:06+00:00,1,2.6,pending,,,,,,,,,
capture_0094,tools/dataset/captures/http_300_aqs_20260626T2040Z/capture_0094.jpg,24,11,46,13,36,false,train,ocr_invalid_or_implausible,rejected,qwen3-vl:4b,aqs-five-field-v2,2026-06-29T10:09:09+00:00,1,2.2,pending,,,,,,,,,
capture_0095,tools/dataset/captures/http_300_aqs_20260626T2040Z/capture_0095.jpg,24,11,444,11,0,true,train,ollama_ocr,accepted,qwen3-vl:4b,aqs-five-field-v2,2026-06-29T10:14:22+00:00,1,2.7,pending,,,,,,,,,tvoc_raw:0:neighbor_median=36
capture_0096,tools/dataset/captures/http_300_aqs_20260626T2040Z/capture_0096.jpg,2,0,0,0,0,false,train,ocr_invalid_or_implausible,rejected,qwen3-vl:4b,aqs-five-field-v2,2026-06-29T10:10:11+00:00,1,2.4,pending,,,,,,,,,
capture_0097,tools/dataset/captures/http_300_aqs_20260626T2040Z/capture_0097.jpg,24,12,444,11,0,true,train,ollama_ocr,accepted,qwen3-vl:4b,aqs-five-field-v2,2026-06-29T10:05:23+00:00,1,2.0,pending,,,,,,,,,tvoc_raw:0:neighbor_median=36
capture_0098,tools/dataset/captures/http_300_aqs_20260626T2040Z/capture_0098.jpg,2,1,0,0,0,false,train,ocr_invalid_or_implausible,rejected,qwen3-vl:4b,aqs-five-field-v2,2026-06-29T10:05:08+00:00,1,1.9,pending,,,,,,,,,
capture_0099,tools/dataset/captures/http_300_aqs_20260626T2040Z/capture_0099.jpg,2,1,0,-1,-1,false,train,ocr_invalid_or_implausible,rejected,qwen3-vl:4b,aqs-five-field-v2,2026-06-29T10:08:49+00:00,1,2.4,pending,,,,,,,,,
capture_0100,tools/dataset/captures/http_300_aqs_20260626T2040Z/capture_0100.jpg,21,11,444,13,36,true,train,ollama_ocr,accepted,qwen3-vl:4b,aqs-five-field-v2,2026-06-29T10:17:54+00:00,1,2.9,pending,,,,,,,,,temperature_c:21:neighbor_median=23.5
capture_0101,tools/dataset/captures/http_300_aqs_20260626T2040Z/capture_0101.jpg,2,1,0,5,0,false,train,ocr_invalid_or_implausible,rejected,qwen3-vl:4b,aqs-five-field-v2,2026-06-29T10:14:58+00:00,1,2.6,pending,,,,,,,,,
capture_0102,tools/dataset/captures/http_300_aqs_20260626T2040Z/capture_0102.jpg,2,1,0,0,0,false,train,ocr_invalid_or_implausible,rejected,qwen3-vl:4b,aqs-five-field-v2,2026-06-29T10:18:43+00:00,1,2.6,pending,,,,,,,,,
capture_0103,tools/dataset/captures/http_300_aqs_20260626T2040Z/capture_0103.jpg,2,5,0,0,0,false,train,ocr_invalid_or_implausible,rejected,qwen3-vl:4b,aqs-five-field-v2,2026-06-29T10:07:57+00:00,1,2.0,pending,,,,,,,,,
capture_0104,tools/dataset/captures/http_300_aqs_20260626T2040Z/capture_0104.jpg,2,1,0,13,36,false,train,ocr_invalid_or_implausible,rejected,qwen3-vl:4b,aqs-five-field-v2,2026-06-29T10:19:55+00:00,1,2.5,pending,,,,,,,,,
capture_0105,tools/dataset/captures/http_300_aqs_20260626T2040Z/capture_0105.jpg,2,1,0,13,36,false,train,ocr_invalid_or_implausible,rejected,qwen3-vl:4b,aqs-five-field-v2,2026-06-29T10:06:57+00:00,1,2.0,pending,,,,,,,,,
capture_0106,tools/dataset/captures/http_300_aqs_20260626T2040Z/capture_0106.jpg,2,12,0,13,36,false,train,ocr_invalid_or_implausible,rejected,qwen3-vl:4b,aqs-five-field-v2,2026-06-29T10:14:08+00:00,1,2.6,pending,,,,,,,,,
capture_0107,tools/dataset/captures/http_300_aqs_20260626T2040Z/capture_0107.jpg,2,1,0,13,36,false,train,ocr_invalid_or_implausible,rejected,qwen3-vl:4b,aqs-five-field-v2,2026-06-29T10:06:24+00:00,1,2.0,pending,,,,,,,,,
capture_0108,tools/dataset/captures/http_300_aqs_20260626T2040Z/capture_0108.jpg,2,12,0,13,36,false,train,ocr_invalid_or_implausible,rejected,qwen3-vl:4b,aqs-five-field-v2,2026-06-29T10:16:48+00:00,1,2.5,pending,,,,,,,,,
capture_0109,tools/dataset/captures/http_300_aqs_20260626T2040Z/capture_0109.jpg,2,1,0,13,36,false,train,ocr_invalid_or_implausible,rejected,qwen3-vl:4b,aqs-five-field-v2,2026-06-29T10:17:06+00:00,1,2.6,pending,,,,,,,,,
capture_0110,tools/dataset/captures/http_300_aqs_20260626T2040Z/capture_0110.jpg,2,1,0,13,36,false,train,ocr_invalid_or_implausible,rejected,qwen3-vl:4b,aqs-five-field-v2,2026-06-29T10:19:08+00:00,1,2.7,pending,,,,,,,,,
capture_0111,tools/dataset/captures/http_300_aqs_20260626T2040Z/capture_0111.jpg,2,1,0,13,36,false,train,ocr_invalid_or_implausible,rejected,qwen3-vl:4b,aqs-five-field-v2,2026-06-29T10:21:26+00:00,1,2.8,pending,,,,,,,,,
capture_0112,tools/dataset/captures/http_300_aqs_20260626T2040Z/capture_0112.jpg,2,12,0,13,36,false,train,ocr_invalid_or_implausible,rejected,qwen3-vl:4b,aqs-five-field-v2,2026-06-29T10:08:29+00:00,1,2.2,pending,,,,,,,,,
capture_0113,tools/dataset/captures/http_300_aqs_20260626T2040Z/capture_0113.jpg,2,1,0,13,36,false,train,ocr_invalid_or_implausible,rejected,qwen3-vl:4b,aqs-five-field-v2,2026-06-29T10:21:37+00:00,1,2.6,pending,,,,,,,,,
capture_0114,tools/dataset/captures/http_300_aqs_20260626T2040Z/capture_0114.jpg,24,13,0,13,36,false,train,ocr_invalid_or_implausible,rejected,qwen3-vl:4b,aqs-five-field-v2,2026-06-29T10:12:30+00:00,1,2.7,pending,,,,,,,,,
capture_0115,tools/dataset/captures/http_300_aqs_20260626T2040Z/capture_0115.jpg,2,1,0,13,36,false,train,ocr_invalid_or_implausible,rejected,qwen3-vl:4b,aqs-five-field-v2,2026-06-29T10:07:35+00:00,1,2.0,pending,,,,,,,,,
capture_0116,tools/dataset/captures/http_300_aqs_20260626T2040Z/capture_0116.jpg,2,1,0,13,36,false,train,ocr_invalid_or_implausible,rejected,qwen3-vl:4b,aqs-five-field-v2,2026-06-29T10:16:22+00:00,1,2.6,pending,,,,,,,,,
capture_0117,tools/dataset/captures/http_300_aqs_20260626T2040Z/capture_0117.jpg,2,12,0,13,36,false,train,ocr_invalid_or_implausible,rejected,qwen3-vl:4b,aqs-five-field-v2,2026-06-29T10:08:59+00:00,1,2.6,pending,,,,,,,,,
capture_0118,tools/dataset/captures/http_300_aqs_20260626T2040Z/capture_0118.jpg,2,1,0,0,0,false,train,ocr_invalid_or_implausible,rejected,qwen3-vl:4b,aqs-five-field-v2,2026-06-29T10:21:19+00:00,1,2.7,pending,,,,,,,,,
capture_0119,tools/dataset/captures/http_300_aqs_20260626T2040Z/capture_0119.jpg,2,12,0,0,0,false,train,ocr_invalid_or_implausible,rejected,qwen3-vl:4b,aqs-five-field-v2,2026-06-29T10:16:00+00:00,1,2.5,pending,,,,,,,,,
capture_0120,tools/dataset/captures/http_300_aqs_20260626T2040Z/capture_0120.jpg,2,1,0,0,0,false,train,ocr_invalid_or_implausible,rejected,qwen3-vl:4b,aqs-five-field-v2,2026-06-29T10:16:58+00:00,1,2.7,pending,,,,,,,,,
capture_0121,tools/dataset/captures/http_300_aqs_20260626T2040Z/capture_0121.jpg,2,0,0,0,0,false,train,ocr_invalid_or_implausible,rejected,qwen3-vl:4b,aqs-five-field-v2,2026-06-29T10:17:13+00:00,1,2.8,pending,,,,,,,,,
capture_0122,tools/dataset/captures/http_300_aqs_20260626T2040Z/capture_0122.jpg,2,0,0,0,0,false,train,ocr_invalid_or_implausible,rejected,qwen3-vl:4b,aqs-five-field-v2,2026-06-29T10:20:57+00:00,1,2.6,pending,,,,,,,,,
capture_0123,tools/dataset/captures/http_300_aqs_20260626T2040Z/capture_0123.jpg,2,0,0,0,0,false,train,ocr_invalid_or_implausible,rejected,qwen3-vl:4b,aqs-five-field-v2,2026-06-29T10:19:34+00:00,1,2.4,pending,,,,,,,,,
capture_0124,tools/dataset/captures/http_300_aqs_20260626T2040Z/capture_0124.jpg,2,0,0,0,0,false,train,ocr_invalid_or_implausible,rejected,qwen3-vl:4b,aqs-five-field-v2,2026-06-29T10:08:07+00:00,1,2.2,pending,,,,,,,,,
capture_0125,tools/dataset/captures/http_300_aqs_20260626T2040Z/capture_0125.jpg,2,0,0,0,0,false,train,ocr_invalid_or_implausible,rejected,qwen3-vl:4b,aqs-five-field-v2,2026-06-29T10:06:54+00:00,1,2.0,pending,,,,,,,,,
capture_0126,tools/dataset/captures/http_300_aqs_20260626T2040Z/capture_0126.jpg,2,0,0,0,0,false,train,ocr_invalid_or_implausible,rejected,qwen3-vl:4b,aqs-five-field-v2,2026-06-29T10:07:06+00:00,1,1.9,pending,,,,,,,,,
capture_0127,tools/dataset/captures/http_300_aqs_20260626T2040Z/capture_0127.jpg,2,0,0,0,0,false,train,ocr_invalid_or_implausible,rejected,qwen3-vl:4b,aqs-five-field-v2,2026-06-29T10:05:37+00:00,1,1.9,pending,,,,,,,,,
capture_0128,tools/dataset/captures/http_300_aqs_20260626T2040Z/capture_0128.jpg,2,0,0,0,0,false,train,ocr_invalid_or_implausible,rejected,qwen3-vl:4b,aqs-five-field-v2,2026-06-29T10:20:39+00:00,1,2.7,pending,,,,,,,,,
capture_0129,tools/dataset/captures/http_300_aqs_20260626T2040Z/capture_0129.jpg,2,0,0,13,36,false,train,ocr_invalid_or_implausible,rejected,qwen3-vl:4b,aqs-five-field-v2,2026-06-29T10:07:29+00:00,1,2.0,pending,,,,,,,,,
capture_0130,tools/dataset/captures/http_300_aqs_20260626T2040Z/capture_0130.jpg,2,0,0,0,0,false,train,ocr_invalid_or_implausible,rejected,qwen3-vl:4b,aqs-five-field-v2,2026-06-29T10:11:43+00:00,1,2.5,pending,,,,,,,,,
capture_0131,tools/dataset/captures/http_300_aqs_20260626T2040Z/capture_0131.jpg,2,0,0,0,0,false,train,ocr_invalid_or_implausible,rejected,qwen3-vl:4b,aqs-five-field-v2,2026-06-29T10:04:42+00:00,1,1.9,pending,,,,,,,,,
capture_0132,tools/dataset/captures/http_300_aqs_20260626T2040Z/capture_0132.jpg,2,0,0,0,0,false,train,ocr_invalid_or_implausible,rejected,qwen3-vl:4b,aqs-five-field-v2,2026-06-29T10:12:19+00:00,1,2.5,pending,,,,,,,,,
capture_0133,tools/dataset/captures/http_300_aqs_20260626T2040Z/capture_0133.jpg,24,11,0,13,36,false,train,ocr_invalid_or_implausible,rejected,qwen3-vl:4b,aqs-five-field-v2,2026-06-29T10:13:28+00:00,1,2.8,pending,,,,,,,,,
capture_0134,tools/dataset/captures/http_300_aqs_20260626T2040Z/capture_0134.jpg,24,11,0,13,36,false,train,ocr_invalid_or_implausible,rejected,qwen3-vl:4b,aqs-five-field-v2,2026-06-29T10:20:10+00:00,1,2.8,pending,,,,,,,,,
capture_0135,tools/dataset/captures/http_300_aqs_20260626T2040Z/capture_0135.jpg,24,11,0,13,36,false,train,ocr_invalid_or_implausible,rejected,qwen3-vl:4b,aqs-five-field-v2,2026-06-29T10:13:43+00:00,1,2.7,pending,,,,,,,,,
capture_0136,tools/dataset/captures/http_300_aqs_20260626T2040Z/capture_0136.jpg,24,11,0,13,36,false,train,ocr_invalid_or_implausible,rejected,qwen3-vl:4b,aqs-five-field-v2,2026-06-29T10:06:48+00:00,1,2.0,pending,,,,,,,,,
capture_0137,tools/dataset/captures/http_300_aqs_20260626T2040Z/capture_0137.jpg,2,1,0,11,0,false,train,ocr_invalid_or_implausible,rejected,qwen3-vl:4b,aqs-five-field-v2,2026-06-29T10:18:20+00:00,1,2.6,pending,,,,,,,,,
capture_0138,tools/dataset/captures/http_300_aqs_20260626T2040Z/capture_0138.jpg,2,0,0,0,0,false,train,ocr_invalid_or_implausible,rejected,qwen3-vl:4b,aqs-five-field-v2,2026-06-29T10:14:44+00:00,1,2.6,pending,,,,,,,,,
capture_0139,tools/dataset/captures/http_300_aqs_20260626T2040Z/capture_0139.jpg,2,0,0,0,0,false,train,ocr_invalid_or_implausible,rejected,qwen3-vl:4b,aqs-five-field-v2,2026-06-29T10:06:15+00:00,1,1.9,pending,,,,,,,,,
capture_0140,tools/dataset/captures/http_300_aqs_20260626T2040Z/capture_0140.jpg,2,0,0,0,0,false,train,ocr_invalid_or_implausible,rejected,qwen3-vl:4b,aqs-five-field-v2,2026-06-29T10:12:26+00:00,1,2.6,pending,,,,,,,,,
capture_0141,tools/dataset/captures/http_300_aqs_20260626T2040Z/capture_0141.jpg,2,0,0,0,0,false,train,ocr_invalid_or_implausible,rejected,qwen3-vl:4b,aqs-five-field-v2,2026-06-29T10:17:43+00:00,1,2.6,pending,,,,,,,,,
capture_0142,tools/dataset/captures/http_300_aqs_20260626T2040Z/capture_0142.jpg,2,0,0,0,0,false,train,ocr_invalid_or_implausible,rejected,qwen3-vl:4b,aqs-five-field-v2,2026-06-29T10:18:12+00:00,1,2.7,pending,,,,,,,,,
capture_0143,tools/dataset/captures/http_300_aqs_20260626T2040Z/capture_0143.jpg,2,0,0,0,0,false,train,ocr_invalid_or_implausible,rejected,qwen3-vl:4b,aqs-five-field-v2,2026-06-29T10:04:45+00:00,1,1.9,pending,,,,,,,,,
capture_0144,tools/dataset/captures/http_300_aqs_20260626T2040Z/capture_0144.jpg,2,0,0,0,0,false,train,ocr_invalid_or_implausible,rejected,qwen3-vl:4b,aqs-five-field-v2,2026-06-29T10:16:08+00:00,1,2.7,pending,,,,,,,,,
capture_0145,tools/dataset/captures/http_300_aqs_20260626T2040Z/capture_0145.jpg,2,0,0,0,0,false,train,ocr_invalid_or_implausible,rejected,qwen3-vl:4b,aqs-five-field-v2,2026-06-29T10:21:48+00:00,1,2.4,pending,,,,,,,,,
capture_0146,tools/dataset/captures/http_300_aqs_20260626T2040Z/capture_0146.jpg,2,0,0,0,0,false,train,ocr_invalid_or_implausible,rejected,qwen3-vl:4b,aqs-five-field-v2,2026-06-29T10:17:32+00:00,1,2.7,pending,,,,,,,,,
capture_0147,tools/dataset/captures/http_300_aqs_20260626T2040Z/capture_0147.jpg,2,0,0,0,0,false,train,ocr_invalid_or_implausible,rejected,qwen3-vl:4b,aqs-five-field-v2,2026-06-29T10:13:13+00:00,1,2.6,pending,,,,,,,,,
capture_0148,tools/dataset/captures/http_300_aqs_20260626T2040Z/capture_0148.jpg,2,0,0,0,0,false,train,ocr_invalid_or_implausible,rejected,qwen3-vl:4b,aqs-five-field-v2,2026-06-29T10:09:33+00:00,1,2.5,pending,,,,,,,,,
capture_0149,tools/dataset/captures/http_300_aqs_20260626T2040Z/capture_0149.jpg,2,0,0,0,0,false,train,ocr_invalid_or_implausible,rejected,qwen3-vl:4b,aqs-five-field-v2,2026-06-29T10:20:32+00:00,1,2.5,pending,,,,,,,,,
capture_0150,tools/dataset/captures/http_300_aqs_20260626T2040Z/capture_0150.jpg,2,0,0,0,0,false,train,ocr_invalid_or_implausible,rejected,qwen3-vl:4b,aqs-five-field-v2,2026-06-29T10:15:53+00:00,1,2.4,pending,,,,,,,,,
capture_0151,tools/dataset/captures/http_300_aqs_20260626T2040Z/capture_0151.jpg,2,0,0,0,0,false,train,ocr_invalid_or_implausible,rejected,qwen3-vl:4b,aqs-five-field-v2,2026-06-29T10:08:36+00:00,1,2.2,pending,,,,,,,,,
capture_0152,tools/dataset/captures/http_300_aqs_20260626T2040Z/capture_0152.jpg,2,0,0,0,0,false,train,ocr_invalid_or_implausible,rejected,qwen3-vl:4b,aqs-five-field-v2,2026-06-29T10:08:42+00:00,1,2.1,pending,,,,,,,,,
capture_0153,tools/dataset/captures/http_300_aqs_20260626T2040Z/capture_0153.jpg,2,1,0,0,0,false,train,ocr_invalid_or_implausible,rejected,qwen3-vl:4b,aqs-five-field-v2,2026-06-29T10:18:27+00:00,1,2.6,pending,,,,,,,,,
capture_0154,tools/dataset/captures/http_300_aqs_20260626T2040Z/capture_0154.jpg,2,0,0,0,0,false,train,ocr_invalid_or_implausible,rejected,qwen3-vl:4b,aqs-five-field-v2,2026-06-29T10:04:56+00:00,1,1.9,pending,,,,,,,,,
capture_0155,tools/dataset/captures/http_300_aqs_20260626T2040Z/capture_0155.jpg,2,1,0,13,36,false,train,ocr_invalid_or_implausible,rejected,qwen3-vl:4b,aqs-five-field-v2,2026-06-29T10:20:43+00:00,1,2.6,pending,,,,,,,,,
capture_0156,tools/dataset/captures/http_300_aqs_20260626T2040Z/capture_0156.jpg,2,0,312,0,0,false,train,ocr_invalid_or_implausible,rejected,qwen3-vl:4b,aqs-five-field-v2,2026-06-29T10:12:41+00:00,1,2.6,pending,,,,,,,,,
capture_0157,tools/dataset/captures/http_300_aqs_20260626T2040Z/capture_0157.jpg,2,1,0,0,0,false,train,ocr_invalid_or_implausible,rejected,qwen3-vl:4b,aqs-five-field-v2,2026-06-29T10:05:52+00:00,1,1.9,pending,,,,,,,,,
capture_0158,tools/dataset/captures/http_300_aqs_20260626T2040Z/capture_0158.jpg,2,0,0,0,0,false,train,ocr_invalid_or_implausible,rejected,qwen3-vl:4b,aqs-five-field-v2,2026-06-29T10:15:17+00:00,1,2.6,pending,,,,,,,,,
capture_0159,tools/dataset/captures/http_300_aqs_20260626T2040Z/capture_0159.jpg,21,21,0,13,36,false,train,ocr_invalid_or_implausible,rejected,qwen3-vl:4b,aqs-five-field-v2,2026-06-29T10:07:54+00:00,1,2.2,pending,,,,,,,,,
capture_0160,tools/dataset/captures/http_300_aqs_20260626T2040Z/capture_0160.jpg,21,11,46,13,36,false,train,ocr_invalid_or_implausible,rejected,qwen3-vl:4b,aqs-five-field-v2,2026-06-29T10:06:21+00:00,1,2.0,pending,,,,,,,,,
capture_0161,tools/dataset/captures/http_300_aqs_20260626T2040Z/capture_0161.jpg,24,11,46,13,36,false,train,ocr_invalid_or_implausible,rejected,qwen3-vl:4b,aqs-five-field-v2,2026-06-29T10:09:40+00:00,1,2.5,pending,,,,,,,,,
capture_0162,tools/dataset/captures/http_300_aqs_20260626T2040Z/capture_0162.jpg,21,12,46,13,36,false,train,ocr_invalid_or_implausible,rejected,qwen3-vl:4b,aqs-five-field-v2,2026-06-29T10:07:00+00:00,1,2.0,pending,,,,,,,,,
capture_0163,tools/dataset/captures/http_300_aqs_20260626T2040Z/capture_0163.jpg,24,11,46,13,36,false,train,ocr_invalid_or_implausible,rejected,qwen3-vl:4b,aqs-five-field-v2,2026-06-29T10:12:51+00:00,1,2.6,pending,,,,,,,,,
capture_0164,tools/dataset/captures/http_300_aqs_20260626T2040Z/capture_0164.jpg,21,12,46,11,0,false,train,ocr_invalid_or_implausible,rejected,qwen3-vl:4b,aqs-five-field-v2,2026-06-29T10:15:46+00:00,1,2.9,pending,,,,,,,,,
capture_0165,tools/dataset/captures/http_300_aqs_20260626T2040Z/capture_0165.jpg,2,12,46,11,0,false,train,ocr_invalid_or_implausible,rejected,qwen3-vl:4b,aqs-five-field-v2,2026-06-29T10:11:00+00:00,1,2.4,pending,,,,,,,,,
capture_0166,tools/dataset/captures/http_300_aqs_20260626T2040Z/capture_0166.jpg,24,11,46,13,36,false,train,ocr_invalid_or_implausible,rejected,qwen3-vl:4b,aqs-five-field-v2,2026-06-29T10:17:02+00:00,1,2.8,pending,,,,,,,,,
capture_0167,tools/dataset/captures/http_300_aqs_20260626T2040Z/capture_0167.jpg,24,11,46,13,36,false,train,ocr_invalid_or_implausible,rejected,qwen3-vl:4b,aqs-five-field-v2,2026-06-29T10:16:33+00:00,1,2.7,pending,,,,,,,,,
capture_0168,tools/dataset/captures/http_300_aqs_20260626T2040Z/capture_0168.jpg,24,11,46,13,36,false,train,ocr_invalid_or_implausible,rejected,qwen3-vl:4b,aqs-five-field-v2,2026-06-29T10:13:32+00:00,1,2.8,pending,,,,,,,,,
capture_0169,tools/dataset/captures/http_300_aqs_20260626T2040Z/capture_0169.jpg,21,12,46,13,36,false,train,ocr_invalid_or_implausible,rejected,qwen3-vl:4b,aqs-five-field-v2,2026-06-29T10:20:50+00:00,1,2.7,pending,,,,,,,,,
capture_0170,tools/dataset/captures/http_300_aqs_20260626T2040Z/capture_0170.jpg,21,11,444,13,36,true,train,ollama_ocr,accepted,qwen3-vl:4b,aqs-five-field-v2,2026-06-29T10:12:01+00:00,1,2.8,pending,,,,,,,,,
capture_0171,tools/dataset/captures/http_300_aqs_20260626T2040Z/capture_0171.jpg,24,11,444,13,36,true,train,ollama_ocr,accepted,qwen3-vl:4b,aqs-five-field-v2,2026-06-29T10:10:50+00:00,1,2.8,pending,,,,,,,,,temperature_c:24:neighbor_median=21
capture_0172,tools/dataset/captures/http_300_aqs_20260626T2040Z/capture_0172.jpg,21,11,444,13,36,true,train,ollama_ocr,accepted,qwen3-vl:4b,aqs-five-field-v2,2026-06-29T10:19:12+00:00,1,2.8,pending,,,,,,,,,
capture_0173,tools/dataset/captures/http_300_aqs_20260626T2040Z/capture_0173.jpg,21,0,444,13,36,false,train,ocr_invalid_or_implausible,rejected,qwen3-vl:4b,aqs-five-field-v2,2026-06-29T10:13:20+00:00,1,2.7,pending,,,,,,,,,
capture_0174,tools/dataset/captures/http_300_aqs_20260626T2040Z/capture_0174.jpg,21,11,444,13,36,true,train,ollama_ocr,accepted,qwen3-vl:4b,aqs-five-field-v2,2026-06-29T10:08:32+00:00,1,2.6,pending,,,,,,,,,
capture_0175,tools/dataset/captures/http_300_aqs_20260626T2040Z/capture_0175.jpg,2,1,0,0,0,false,train,ocr_invalid_or_implausible,rejected,qwen3-vl:4b,aqs-five-field-v2,2026-06-29T10:10:42+00:00,1,2.5,pending,,,,,,,,,
capture_0176,tools/dataset/captures/http_300_aqs_20260626T2040Z/capture_0176.jpg,2,1,0,0,0,false,train,ocr_invalid_or_implausible,rejected,qwen3-vl:4b,aqs-five-field-v2,2026-06-29T10:18:09+00:00,1,2.7,pending,,,,,,,,,
capture_0177,tools/dataset/captures/http_300_aqs_20260626T2040Z/capture_0177.jpg,2,12,0,0,0,false,train,ocr_invalid_or_implausible,rejected,qwen3-vl:4b,aqs-five-field-v2,2026-06-29T10:21:30+00:00,1,2.6,pending,,,,,,,,,
capture_0178,tools/dataset/captures/http_300_aqs_20260626T2040Z/capture_0178.jpg,2,12,0,0,0,false,train,ocr_invalid_or_implausible,rejected,qwen3-vl:4b,aqs-five-field-v2,2026-06-29T10:16:11+00:00,1,2.6,pending,,,,,,,,,
capture_0179,tools/dataset/captures/http_300_aqs_20260626T2040Z/capture_0179.jpg,2,1,0,0,0,false,train,ocr_invalid_or_implausible,rejected,qwen3-vl:4b,aqs-five-field-v2,2026-06-29T10:08:00+00:00,1,2.2,pending,,,,,,,,,
capture_0180,tools/dataset/captures/http_300_aqs_20260626T2040Z/capture_0180.jpg,2,12,0,13,36,false,train,ocr_invalid_or_implausible,rejected,qwen3-vl:4b,aqs-five-field-v2,2026-06-29T10:19:27+00:00,1,2.6,pending,,,,,,,,,
capture_0181,tools/dataset/captures/http_300_aqs_20260626T2040Z/capture_0181.jpg,2,1,0,13,36,false,train,ocr_invalid_or_implausible,rejected,qwen3-vl:4b,aqs-five-field-v2,2026-06-29T10:13:16+00:00,1,2.6,pending,,,,,,,,,
capture_0182,tools/dataset/captures/http_300_aqs_20260626T2040Z/capture_0182.jpg,2,12,0,13,36,false,train,ocr_invalid_or_implausible,rejected,qwen3-vl:4b,aqs-five-field-v2,2026-06-29T10:18:50+00:00,1,2.7,pending,,,,,,,,,
capture_0183,tools/dataset/captures/http_300_aqs_20260626T2040Z/capture_0183.jpg,2,1,0,13,36,false,train,ocr_invalid_or_implausible,rejected,qwen3-vl:4b,aqs-five-field-v2,2026-06-29T10:07:38+00:00,1,2.0,pending,,,,,,,,,
capture_0184,tools/dataset/captures/http_300_aqs_20260626T2040Z/capture_0184.jpg,2,12,0,13,36,false,train,ocr_invalid_or_implausible,rejected,qwen3-vl:4b,aqs-five-field-v2,2026-06-29T10:11:46+00:00,1,2.7,pending,,,,,,,,,
capture_0185,tools/dataset/captures/http_300_aqs_20260626T2040Z/capture_0185.jpg,21,2,0,13,36,false,train,ocr_invalid_or_implausible,rejected,qwen3-vl:4b,aqs-five-field-v2,2026-06-29T10:06:36+00:00,1,2.0,pending,,,,,,,,,
capture_0186,tools/dataset/captures/http_300_aqs_20260626T2040Z/capture_0186.jpg,2,1,0,13,36,false,train,ocr_invalid_or_implausible,rejected,qwen3-vl:4b,aqs-five-field-v2,2026-06-29T10:14:15+00:00,1,2.6,pending,,,,,,,,,
capture_0187,tools/dataset/captures/http_300_aqs_20260626T2040Z/capture_0187.jpg,2,1,0,0,0,false,train,ocr_invalid_or_implausible,rejected,qwen3-vl:4b,aqs-five-field-v2,2026-06-29T10:12:08+00:00,1,2.6,pending,,,,,,,,,
capture_0188,tools/dataset/captures/http_300_aqs_20260626T2040Z/capture_0188.jpg,2,0,112,0,0,false,train,ocr_invalid_or_implausible,rejected,qwen3-vl:4b,aqs-five-field-v2,2026-06-29T10:17:10+00:00,1,2.6,pending,,,,,,,,,
capture_0189,tools/dataset/captures/http_300_aqs_20260626T2040Z/capture_0189.jpg,2,0,0,0,0,false,train,ocr_invalid_or_implausible,rejected,qwen3-vl:4b,aqs-five-field-v2,2026-06-29T10:09:43+00:00,1,2.4,pending,,,,,,,,,
capture_0190,tools/dataset/captures/http_300_aqs_20260626T2040Z/capture_0190.jpg,2,0,0,0,0,false,train,ocr_invalid_or_implausible,rejected,qwen3-vl:4b,aqs-five-field-v2,2026-06-29T10:06:07+00:00,1,1.9,pending,,,,,,,,,
capture_0191,tools/dataset/captures/http_300_aqs_20260626T2040Z/capture_0191.jpg,20,0,312,13,36,false,train,ocr_invalid_or_implausible,rejected,qwen3-vl:4b,aqs-five-field-v2,2026-06-29T10:15:02+00:00,1,2.6,pending,,,,,,,,,
capture_0192,tools/dataset/captures/http_300_aqs_20260626T2040Z/capture_0192.jpg,2,0,0,0,0,false,train,ocr_invalid_or_implausible,rejected,qwen3-vl:4b,aqs-five-field-v2,2026-06-29T10:10:14+00:00,1,2.4,pending,,,,,,,,,
capture_0193,tools/dataset/captures/http_300_aqs_20260626T2040Z/capture_0193.jpg,2,0,0,0,0,false,train,ocr_invalid_or_implausible,rejected,qwen3-vl:4b,aqs-five-field-v2,2026-06-29T10:19:30+00:00,1,2.6,pending,,,,,,,,,
capture_0194,tools/dataset/captures/http_300_aqs_20260626T2040Z/capture_0194.jpg,20,0,312,13,36,false,train,ocr_invalid_or_implausible,rejected,qwen3-vl:4b,aqs-five-field-v2,2026-06-29T10:08:26+00:00,1,2.2,pending,,,,,,,,,
capture_0195,tools/dataset/captures/http_300_aqs_20260626T2040Z/capture_0195.jpg,2,0,0,0,0,false,train,ocr_invalid_or_implausible,rejected,qwen3-vl:4b,aqs-five-field-v2,2026-06-29T10:10:17+00:00,1,2.5,pending,,,,,,,,,
capture_0196,tools/dataset/captures/http_300_aqs_20260626T2040Z/capture_0196.jpg,2,0,0,0,0,false,train,ocr_invalid_or_implausible,rejected,qwen3-vl:4b,aqs-five-field-v2,2026-06-29T10:16:51+00:00,1,2.4,pending,,,,,,,,,
capture_0197,tools/dataset/captures/http_300_aqs_20260626T2040Z/capture_0197.jpg,2,0,0,0,0,false,train,ocr_invalid_or_implausible,rejected,qwen3-vl:4b,aqs-five-field-v2,2026-06-29T10:12:44+00:00,1,2.5,pending,,,,,,,,,
capture_0198,tools/dataset/captures/http_300_aqs_20260626T2040Z/capture_0198.jpg,2,0,0,0,0,false,train,ocr_invalid_or_implausible,rejected,qwen3-vl:4b,aqs-five-field-v2,2026-06-29T10:05:32+00:00,1,1.9,pending,,,,,,,,,
capture_0199,tools/dataset/captures/http_300_aqs_20260626T2040Z/capture_0199.jpg,2,0,0,0,0,false,train,ocr_invalid_or_implausible,rejected,qwen3-vl:4b,aqs-five-field-v2,2026-06-29T10:04:48+00:00,1,1.9,pending,,,,,,,,,
capture_0200,tools/dataset/captures/http_300_aqs_20260626T2040Z/capture_0200.jpg,2,0,0,0,0,false,train,ocr_invalid_or_implausible,rejected,qwen3-vl:4b,aqs-five-field-v2,2026-06-29T10:12:48+00:00,1,2.6,pending,,,,,,,,,
capture_0201,tools/dataset/captures/http_300_aqs_20260626T2040Z/capture_0201.jpg,2,0,0,0,0,false,train,ocr_invalid_or_implausible,rejected,qwen3-vl:4b,aqs-five-field-v2,2026-06-29T10:10:46+00:00,1,2.5,pending,,,,,,,,,
capture_0202,tools/dataset/captures/http_300_aqs_20260626T2040Z/capture_0202.jpg,2,0,0,0,0,false,train,ocr_invalid_or_implausible,rejected,qwen3-vl:4b,aqs-five-field-v2,2026-06-29T10:05:11+00:00,1,1.9,pending,,,,,,,,,
capture_0203,tools/dataset/captures/http_300_aqs_20260626T2040Z/capture_0203.jpg,2,0,0,0,0,false,train,ocr_invalid_or_implausible,rejected,qwen3-vl:4b,aqs-five-field-v2,2026-06-29T10:14:19+00:00,1,2.5,pending,,,,,,,,,
capture_0204,tools/dataset/captures/http_300_aqs_20260626T2040Z/capture_0204.jpg,2,1,0,1,3,false,train,ocr_invalid_or_implausible,rejected,qwen3-vl:4b,aqs-five-field-v2,2026-06-29T10:14:55+00:00,1,2.4,pending,,,,,,,,,
capture_0205,tools/dataset/captures/http_300_aqs_20260626T2040Z/capture_0205.jpg,10,0,240,13,36,false,train,ocr_invalid_or_implausible,rejected,qwen3-vl:4b,aqs-five-field-v2,2026-06-29T10:10:32+00:00,1,2.8,pending,,,,,,,,,
capture_0206,tools/dataset/captures/http_300_aqs_20260626T2040Z/capture_0206.jpg,2,1,0,11,0,false,train,ocr_invalid_or_implausible,rejected,qwen3-vl:4b,aqs-five-field-v2,2026-06-29T10:13:57+00:00,1,2.6,pending,,,,,,,,,
capture_0207,tools/dataset/captures/http_300_aqs_20260626T2040Z/capture_0207.jpg,11,0,0,13,36,false,train,ocr_invalid_or_implausible,rejected,qwen3-vl:4b,aqs-five-field-v2,2026-06-29T10:13:46+00:00,1,2.7,pending,,,,,,,,,
capture_0208,tools/dataset/captures/http_300_aqs_20260626T2040Z/capture_0208.jpg,2,1,0,11,0,false,train,ocr_invalid_or_implausible,rejected,qwen3-vl:4b,aqs-five-field-v2,2026-06-29T10:16:44+00:00,1,2.8,pending,,,,,,,,,
capture_0209,tools/dataset/captures/http_300_aqs_20260626T2040Z/capture_0209.jpg,2,0,0,0,0,false,train,ocr_invalid_or_implausible,rejected,qwen3-vl:4b,aqs-five-field-v2,2026-06-29T10:05:20+00:00,1,1.9,pending,,,,,,,,,
capture_0210,tools/dataset/captures/http_300_aqs_20260626T2040Z/capture_0210.jpg,2,0,0,0,0,false,train,ocr_invalid_or_implausible,rejected,qwen3-vl:4b,aqs-five-field-v2,2026-06-29T10:09:02+00:00,1,2.3,pending,,,,,,,,,
capture_0211,tools/dataset/captures/http_300_aqs_20260626T2040Z/capture_0211.jpg,2,0,0,0,0,false,train,ocr_invalid_or_implausible,rejected,qwen3-vl:4b,aqs-five-field-v2,2026-06-29T10:10:21+00:00,1,2.5,pending,,,,,,,,,
capture_0212,tools/dataset/captures/http_300_aqs_20260626T2040Z/capture_0212.jpg,2,0,0,0,0,false,train,ocr_invalid_or_implausible,rejected,qwen3-vl:4b,aqs-five-field-v2,2026-06-29T10:06:33+00:00,1,1.9,pending,,,,,,,,,
capture_0213,tools/dataset/captures/http_300_aqs_20260626T2040Z/capture_0213.jpg,2,0,0,0,0,false,train,ocr_invalid_or_implausible,rejected,qwen3-vl:4b,aqs-five-field-v2,2026-06-29T10:14:37+00:00,1,2.5,pending,,,,,,,,,
capture_0214,tools/dataset/captures/http_300_aqs_20260626T2040Z/capture_0214.jpg,2,0,0,0,0,false,train,ocr_invalid_or_implausible,rejected,qwen3-vl:4b,aqs-five-field-v2,2026-06-29T10:14:33+00:00,1,2.4,pending,,,,,,,,,
capture_0215,tools/dataset/captures/http_300_aqs_20260626T2040Z/capture_0215.jpg,2,0,0,0,0,false,train,ocr_invalid_or_implausible,rejected,qwen3-vl:4b,aqs-five-field-v2,2026-06-29T10:10:04+00:00,1,2.5,pending,,,,,,,,,
capture_0216,tools/dataset/captures/http_300_aqs_20260626T2040Z/capture_0216.jpg,2,0,0,0,0,false,train,ocr_invalid_or_implausible,rejected,qwen3-vl:4b,aqs-five-field-v2,2026-06-29T10:11:11+00:00,1,2.6,pending,,,,,,,,,
capture_0217,tools/dataset/captures/http_300_aqs_20260626T2040Z/capture_0217.jpg,2,0,0,0,0,false,train,ocr_invalid_or_implausible,rejected,qwen3-vl:4b,aqs-five-field-v2,2026-06-29T10:10:00+00:00,1,2.2,pending,,,,,,,,,
capture_0218,tools/dataset/captures/http_300_aqs_20260626T2040Z/capture_0218.jpg,2,0,0,0,0,false,train,ocr_invalid_or_implausible,rejected,qwen3-vl:4b,aqs-five-field-v2,2026-06-29T10:12:37+00:00,1,2.6,pending,,,,,,,,,
capture_0219,tools/dataset/captures/http_300_aqs_20260626T2040Z/capture_0219.jpg,2,0,0,0,0,false,train,ocr_invalid_or_implausible,rejected,qwen3-vl:4b,aqs-five-field-v2,2026-06-29T10:16:15+00:00,1,2.6,pending,,,,,,,,,
capture_0220,tools/dataset/captures/http_300_aqs_20260626T2040Z/capture_0220.jpg,2,0,0,0,0,false,train,ocr_invalid_or_implausible,rejected,qwen3-vl:4b,aqs-five-field-v2,2026-06-29T10:11:07+00:00,1,2.6,pending,,,,,,,,,
capture_0221,tools/dataset/captures/http_300_aqs_20260626T2040Z/capture_0221.jpg,2,0,0,0,0,false,train,ocr_invalid_or_implausible,rejected,qwen3-vl:4b,aqs-five-field-v2,2026-06-29T10:15:24+00:00,1,2.6,pending,,,,,,,,,
capture_0222,tools/dataset/captures/http_300_aqs_20260626T2040Z/capture_0222.jpg,2,12,0,0,0,false,train,ocr_invalid_or_implausible,rejected,qwen3-vl:4b,aqs-five-field-v2,2026-06-29T10:06:42+00:00,1,2.0,pending,,,,,,,,,
capture_0223,tools/dataset/captures/http_300_aqs_20260626T2040Z/capture_0223.jpg,2,0,0,0,0,false,train,ocr_invalid_or_implausible,rejected,qwen3-vl:4b,aqs-five-field-v2,2026-06-29T10:15:05+00:00,1,2.6,pending,,,,,,,,,
capture_0224,tools/dataset/captures/http_300_aqs_20260626T2040Z/capture_0224.jpg,2,1,0,0,0,false,train,ocr_invalid_or_implausible,rejected,qwen3-vl:4b,aqs-five-field-v2,2026-06-29T10:07:48+00:00,1,2.3,pending,,,,,,,,,
capture_0225,tools/dataset/captures/http_300_aqs_20260626T2040Z/capture_0225.jpg,2,0,0,0,0,false,train,ocr_invalid_or_implausible,rejected,qwen3-vl:4b,aqs-five-field-v2,2026-06-29T10:06:39+00:00,1,2.0,pending,,,,,,,,,
capture_0226,tools/dataset/captures/http_300_aqs_20260626T2040Z/capture_0226.jpg,2,0,0,0,0,false,train,ocr_invalid_or_implausible,rejected,qwen3-vl:4b,aqs-five-field-v2,2026-06-29T10:21:01+00:00,1,2.6,pending,,,,,,,,,
capture_0227,tools/dataset/captures/http_300_aqs_20260626T2040Z/capture_0227.jpg,2,12,0,0,0,false,train,ocr_invalid_or_implausible,rejected,qwen3-vl:4b,aqs-five-field-v2,2026-06-29T10:13:50+00:00,1,2.6,pending,,,,,,,,,
capture_0228,tools/dataset/captures/http_300_aqs_20260626T2040Z/capture_0228.jpg,2,1,0,0,0,false,train,ocr_invalid_or_implausible,rejected,qwen3-vl:4b,aqs-five-field-v2,2026-06-29T10:11:21+00:00,1,2.4,pending,,,,,,,,,
capture_0229,tools/dataset/captures/http_300_aqs_20260626T2040Z/capture_0229.jpg,21,12,46,11,13,false,train,ocr_invalid_or_implausible,rejected,qwen3-vl:4b,aqs-five-field-v2,2026-06-29T10:14:40+00:00,1,2.8,pending,,,,,,,,,
capture_0230,tools/dataset/captures/http_300_aqs_20260626T2040Z/capture_0230.jpg,24,12,46,13,36,false,train,ocr_invalid_or_implausible,rejected,qwen3-vl:4b,aqs-five-field-v2,2026-06-29T10:09:22+00:00,1,2.6,pending,,,,,,,,,
capture_0231,tools/dataset/captures/http_300_aqs_20260626T2040Z/capture_0231.jpg,2,0,46,0,0,false,train,ocr_invalid_or_implausible,rejected,qwen3-vl:4b,aqs-five-field-v2,2026-06-29T10:09:06+00:00,1,2.4,pending,,,,,,,,,
capture_0232,tools/dataset/captures/http_300_aqs_20260626T2040Z/capture_0232.jpg,21,12,46,13,36,false,train,ocr_invalid_or_implausible,rejected,qwen3-vl:4b,aqs-five-field-v2,2026-06-29T10:10:53+00:00,1,2.6,pending,,,,,,,,,
capture_0233,tools/dataset/captures/http_300_aqs_20260626T2040Z/capture_0233.jpg,2,1,0,0,0,false,train,ocr_invalid_or_implausible,rejected,qwen3-vl:4b,aqs-five-field-v2,2026-06-29T10:05:58+00:00,1,1.9,pending,,,,,,,,,
capture_0234,tools/dataset/captures/http_300_aqs_20260626T2040Z/capture_0234.jpg,2,1,0,0,0,false,train,ocr_invalid_or_implausible,rejected,qwen3-vl:4b,aqs-five-field-v2,2026-06-29T10:17:50+00:00,1,2.6,pending,,,,,,,,,
capture_0235,tools/dataset/captures/http_300_aqs_20260626T2040Z/capture_0235.jpg,2,12,46,11,0,false,train,ocr_invalid_or_implausible,rejected,qwen3-vl:4b,aqs-five-field-v2,2026-06-29T10:09:26+00:00,1,2.6,pending,,,,,,,,,
capture_0236,tools/dataset/captures/http_300_aqs_20260626T2040Z/capture_0236.jpg,24,11,46,13,36,false,train,ocr_invalid_or_implausible,rejected,qwen3-vl:4b,aqs-five-field-v2,2026-06-29T10:18:36+00:00,1,2.8,pending,,,,,,,,,
capture_0237,tools/dataset/captures/http_300_aqs_20260626T2040Z/capture_0237.jpg,2,0,0,0,0,false,train,ocr_invalid_or_implausible,rejected,qwen3-vl:4b,aqs-five-field-v2,2026-06-29T10:06:27+00:00,1,2.0,pending,,,,,,,,,
capture_0238,tools/dataset/captures/http_300_aqs_20260626T2040Z/capture_0238.jpg,21,11,46,13,36,false,train,ocr_invalid_or_implausible,rejected,qwen3-vl:4b,aqs-five-field-v2,2026-06-29T10:19:37+00:00,1,2.7,pending,,,,,,,,,
capture_0239,tools/dataset/captures/http_300_aqs_20260626T2040Z/capture_0239.jpg,2,1,46,0,0,false,train,ocr_invalid_or_implausible,rejected,qwen3-vl:4b,aqs-five-field-v2,2026-06-29T10:17:58+00:00,1,2.8,pending,,,,,,,,,
capture_0240,tools/dataset/captures/http_300_aqs_20260626T2040Z/capture_0240.jpg,21,12,450,13,36,true,train,ollama_ocr,accepted,qwen3-vl:4b,aqs-five-field-v2,2026-06-29T10:18:46+00:00,1,2.7,pending,,,,,,,,,
capture_0241,tools/dataset/captures/http_300_aqs_20260626T2040Z/capture_0241.jpg,21,0,450,13,36,false,validation,ocr_invalid_or_implausible,rejected,qwen3-vl:4b,aqs-five-field-v2,2026-06-29T10:07:42+00:00,1,2.2,pending,,,,,,,,,
capture_0242,tools/dataset/captures/http_300_aqs_20260626T2040Z/capture_0242.jpg,21,12,450,13,36,true,validation,ollama_ocr,accepted,qwen3-vl:4b,aqs-five-field-v2,2026-06-29T10:08:52+00:00,1,2.3,pending,,,,,,,,,
capture_0243,tools/dataset/captures/http_300_aqs_20260626T2040Z/capture_0243.jpg,25,12,560,13,36,true,validation,ollama_ocr,accepted,qwen3-vl:4b,aqs-five-field-v2,2026-06-29T10:15:13+00:00,1,2.9,pending,,,,,,,,,co2_ppm:560:neighbor_median=450;temperature_c:25:neighbor_median=21
capture_0244,tools/dataset/captures/http_300_aqs_20260626T2040Z/capture_0244.jpg,2,0,0,0,0,false,validation,ocr_invalid_or_implausible,rejected,qwen3-vl:4b,aqs-five-field-v2,2026-06-29T10:09:57+00:00,1,2.3,pending,,,,,,,,,
capture_0245,tools/dataset/captures/http_300_aqs_20260626T2040Z/capture_0245.jpg,2,1,0,0,0,false,validation,ocr_invalid_or_implausible,rejected,qwen3-vl:4b,aqs-five-field-v2,2026-06-29T10:20:02+00:00,1,2.6,pending,,,,,,,,,
capture_0246,tools/dataset/captures/http_300_aqs_20260626T2040Z/capture_0246.jpg,24,0,450,0,0,false,validation,ocr_invalid_or_implausible,rejected,qwen3-vl:4b,aqs-five-field-v2,2026-06-29T10:17:28+00:00,1,2.7,pending,,,,,,,,,
capture_0247,tools/dataset/captures/http_300_aqs_20260626T2040Z/capture_0247.jpg,2,0,0,0,0,false,validation,ocr_invalid_or_implausible,rejected,qwen3-vl:4b,aqs-five-field-v2,2026-06-29T10:16:40+00:00,1,2.8,pending,,,,,,,,,
capture_0248,tools/dataset/captures/http_300_aqs_20260626T2040Z/capture_0248.jpg,0,0,0,0,0,false,validation,ocr_invalid_or_implausible,rejected,qwen3-vl:4b,aqs-five-field-v2,2026-06-29T10:05:40+00:00,1,1.9,pending,,,,,,,,,
capture_0249,tools/dataset/captures/http_300_aqs_20260626T2040Z/capture_0249.jpg,2,0,0,0,0,false,validation,ocr_invalid_or_implausible,rejected,qwen3-vl:4b,aqs-five-field-v2,2026-06-29T10:18:01+00:00,1,2.7,pending,,,,,,,,,
capture_0250,tools/dataset/captures/http_300_aqs_20260626T2040Z/capture_0250.jpg,2,1,0,0,0,false,validation,ocr_invalid_or_implausible,rejected,qwen3-vl:4b,aqs-five-field-v2,2026-06-29T10:15:42+00:00,1,2.6,pending,,,,,,,,,
capture_0251,tools/dataset/captures/http_300_aqs_20260626T2040Z/capture_0251.jpg,2,1,0,0,0,false,validation,ocr_invalid_or_implausible,rejected,qwen3-vl:4b,aqs-five-field-v2,2026-06-29T10:06:01+00:00,1,1.9,pending,,,,,,,,,
capture_0252,tools/dataset/captures/http_300_aqs_20260626T2040Z/capture_0252.jpg,2,0,312,9,36,false,validation,ocr_invalid_or_implausible,rejected,qwen3-vl:4b,aqs-five-field-v2,2026-06-29T10:07:15+00:00,1,1.6,pending,,,,,,,,,
capture_0253,tools/dataset/captures/http_300_aqs_20260626T2040Z/capture_0253.jpg,2,1,0,0,0,false,validation,ocr_invalid_or_implausible,rejected,qwen3-vl:4b,aqs-five-field-v2,2026-06-29T10:19:23+00:00,1,2.5,pending,,,,,,,,,
capture_0254,tools/dataset/captures/http_300_aqs_20260626T2040Z/capture_0254.jpg,2,1,0,0,0,false,validation,ocr_invalid_or_implausible,rejected,qwen3-vl:4b,aqs-five-field-v2,2026-06-29T10:09:19+00:00,1,2.5,pending,,,,,,,,,
capture_0255,tools/dataset/captures/http_300_aqs_20260626T2040Z/capture_0255.jpg,2,1,0,0,0,false,validation,ocr_invalid_or_implausible,rejected,qwen3-vl:4b,aqs-five-field-v2,2026-06-29T10:20:28+00:00,1,2.6,pending,,,,,,,,,
capture_0256,tools/dataset/captures/http_300_aqs_20260626T2040Z/capture_0256.jpg,2,12,0,0,0,false,validation,ocr_invalid_or_implausible,rejected,qwen3-vl:4b,aqs-five-field-v2,2026-06-29T10:11:14+00:00,1,2.4,pending,,,,,,,,,
capture_0257,tools/dataset/captures/http_300_aqs_20260626T2040Z/capture_0257.jpg,21,2,445,6,36,false,validation,ocr_invalid_or_implausible,rejected,qwen3-vl:4b,aqs-five-field-v2,2026-06-29T10:05:34+00:00,1,1.6,pending,,,,,,,,,
capture_0258,tools/dataset/captures/http_300_aqs_20260626T2040Z/capture_0258.jpg,2,1,0,0,0,false,validation,ocr_invalid_or_implausible,rejected,qwen3-vl:4b,aqs-five-field-v2,2026-06-29T10:07:12+00:00,1,2.0,pending,,,,,,,,,
capture_0259,tools/dataset/captures/http_300_aqs_20260626T2040Z/capture_0259.jpg,2,1,0,0,0,false,validation,ocr_invalid_or_implausible,rejected,qwen3-vl:4b,aqs-five-field-v2,2026-06-29T10:06:09+00:00,1,2.0,pending,,,,,,,,,
capture_0260,tools/dataset/captures/http_300_aqs_20260626T2040Z/capture_0260.jpg,2,1,0,0,0,false,validation,ocr_invalid_or_implausible,rejected,qwen3-vl:4b,aqs-five-field-v2,2026-06-29T10:16:18+00:00,1,2.6,pending,,,,,,,,,
capture_0261,tools/dataset/captures/http_300_aqs_20260626T2040Z/capture_0261.jpg,2,1,0,0,0,false,validation,ocr_invalid_or_implausible,rejected,qwen3-vl:4b,aqs-five-field-v2,2026-06-29T10:09:12+00:00,1,2.3,pending,,,,,,,,,
capture_0262,tools/dataset/captures/http_300_aqs_20260626T2040Z/capture_0262.jpg,2,1,0,0,0,false,validation,ocr_invalid_or_implausible,rejected,qwen3-vl:4b,aqs-five-field-v2,2026-06-29T10:13:09+00:00,1,2.6,pending,,,,,,,,,
capture_0263,tools/dataset/captures/http_300_aqs_20260626T2040Z/capture_0263.jpg,2,1,0,0,0,false,validation,ocr_invalid_or_implausible,rejected,qwen3-vl:4b,aqs-five-field-v2,2026-06-29T10:11:53+00:00,1,2.6,pending,,,,,,,,,
capture_0264,tools/dataset/captures/http_300_aqs_20260626T2040Z/capture_0264.jpg,2,12,0,13,36,false,validation,ocr_invalid_or_implausible,rejected,qwen3-vl:4b,aqs-five-field-v2,2026-06-29T10:08:19+00:00,1,2.2,pending,,,,,,,,,
capture_0265,tools/dataset/captures/http_300_aqs_20260626T2040Z/capture_0265.jpg,2,1,0,0,0,false,validation,ocr_invalid_or_implausible,rejected,qwen3-vl:4b,aqs-five-field-v2,2026-06-29T10:07:03+00:00,1,2.0,pending,,,,,,,,,
capture_0266,tools/dataset/captures/http_300_aqs_20260626T2040Z/capture_0266.jpg,2,0,0,13,36,false,validation,ocr_invalid_or_implausible,rejected,qwen3-vl:4b,aqs-five-field-v2,2026-06-29T10:05:49+00:00,1,2.0,pending,,,,,,,,,
capture_0267,tools/dataset/captures/http_300_aqs_20260626T2040Z/capture_0267.jpg,2,0,0,0,0,false,validation,ocr_invalid_or_implausible,rejected,qwen3-vl:4b,aqs-five-field-v2,2026-06-29T10:18:54+00:00,1,2.6,pending,,,,,,,,,
capture_0268,tools/dataset/captures/http_300_aqs_20260626T2040Z/capture_0268.jpg,2,12,0,0,0,false,validation,ocr_invalid_or_implausible,rejected,qwen3-vl:4b,aqs-five-field-v2,2026-06-29T10:07:51+00:00,1,2.0,pending,,,,,,,,,
capture_0269,tools/dataset/captures/http_300_aqs_20260626T2040Z/capture_0269.jpg,2,0,0,0,0,false,validation,ocr_invalid_or_implausible,rejected,qwen3-vl:4b,aqs-five-field-v2,2026-06-29T10:05:14+00:00,1,1.9,pending,,,,,,,,,
capture_0270,tools/dataset/captures/http_300_aqs_20260626T2040Z/capture_0270.jpg,2,0,0,0,0,false,validation,ocr_invalid_or_implausible,rejected,qwen3-vl:4b,aqs-five-field-v2,2026-06-29T10:17:46+00:00,1,2.7,pending,,,,,,,,,
capture_0271,tools/dataset/captures/http_300_aqs_20260626T2040Z/capture_0271.jpg,2,12,0,0,0,false,test,ocr_invalid_or_implausible,rejected,qwen3-vl:4b,aqs-five-field-v2,2026-06-29T10:06:18+00:00,1,1.9,pending,,,,,,,,,
capture_0272,tools/dataset/captures/http_300_aqs_20260626T2040Z/capture_0272.jpg,2,0,0,0,0,false,test,ocr_invalid_or_implausible,rejected,qwen3-vl:4b,aqs-five-field-v2,2026-06-29T10:21:41+00:00,1,2.7,pending,,,,,,,,,
capture_0273,tools/dataset/captures/http_300_aqs_20260626T2040Z/capture_0273.jpg,20,0,312,0,36,false,test,ocr_invalid_or_implausible,rejected,qwen3-vl:4b,aqs-five-field-v2,2026-06-29T10:14:26+00:00,1,2.7,pending,,,,,,,,,
capture_0274,tools/dataset/captures/http_300_aqs_20260626T2040Z/capture_0274.jpg,2,0,0,0,0,false,test,ocr_invalid_or_implausible,rejected,qwen3-vl:4b,aqs-five-field-v2,2026-06-29T10:15:57+00:00,1,2.5,pending,,,,,,,,,
capture_0275,tools/dataset/captures/http_300_aqs_20260626T2040Z/capture_0275.jpg,2,0,0,0,0,false,test,ocr_invalid_or_implausible,rejected,qwen3-vl:4b,aqs-five-field-v2,2026-06-29T10:14:00+00:00,1,2.6,pending,,,,,,,,,
capture_0276,tools/dataset/captures/http_300_aqs_20260626T2040Z/capture_0276.jpg,2,2,0,0,0,false,test,ocr_invalid_or_implausible,rejected,qwen3-vl:4b,aqs-five-field-v2,2026-06-29T10:11:50+00:00,1,2.5,pending,,,,,,,,,
capture_0277,tools/dataset/captures/http_300_aqs_20260626T2040Z/capture_0277.jpg,2,0,240,0,0,false,test,ocr_invalid_or_implausible,rejected,qwen3-vl:4b,aqs-five-field-v2,2026-06-29T10:17:21+00:00,1,2.6,pending,,,,,,,,,
capture_0278,tools/dataset/captures/http_300_aqs_20260626T2040Z/capture_0278.jpg,2,12,0,0,0,false,test,ocr_invalid_or_implausible,rejected,qwen3-vl:4b,aqs-five-field-v2,2026-06-29T10:21:45+00:00,1,2.6,pending,,,,,,,,,
capture_0279,tools/dataset/captures/http_300_aqs_20260626T2040Z/capture_0279.jpg,2,2,0,0,0,false,test,ocr_invalid_or_implausible,rejected,qwen3-vl:4b,aqs-five-field-v2,2026-06-29T10:11:18+00:00,1,2.5,pending,,,,,,,,,
capture_0280,tools/dataset/captures/http_300_aqs_20260626T2040Z/capture_0280.jpg,2,0,0,0,0,false,test,ocr_invalid_or_implausible,rejected,qwen3-vl:4b,aqs-five-field-v2,2026-06-29T10:11:39+00:00,1,2.6,pending,,,,,,,,,
capture_0281,tools/dataset/captures/http_300_aqs_20260626T2040Z/capture_0281.jpg,2,0,0,0,0,false,test,ocr_invalid_or_implausible,rejected,qwen3-vl:4b,aqs-five-field-v2,2026-06-29T10:05:55+00:00,1,1.9,pending,,,,,,,,,
capture_0282,tools/dataset/captures/http_300_aqs_20260626T2040Z/capture_0282.jpg,2,0,8200,0,0,false,test,ocr_invalid_or_implausible,rejected,qwen3-vl:4b,aqs-five-field-v2,2026-06-29T10:19:59+00:00,1,2.6,pending,,,,,,,,,
capture_0283,tools/dataset/captures/http_300_aqs_20260626T2040Z/capture_0283.jpg,2,0,0,0,0,false,test,ocr_invalid_or_implausible,rejected,qwen3-vl:4b,aqs-five-field-v2,2026-06-29T10:20:35+00:00,1,2.7,pending,,,,,,,,,
capture_0284,tools/dataset/captures/http_300_aqs_20260626T2040Z/capture_0284.jpg,2,0,0,0,0,false,test,ocr_invalid_or_implausible,rejected,qwen3-vl:4b,aqs-five-field-v2,2026-06-29T10:13:53+00:00,1,2.4,pending,,,,,,,,,
capture_0285,tools/dataset/captures/http_300_aqs_20260626T2040Z/capture_0285.jpg,2,0,8200,0,0,false,test,ocr_invalid_or_implausible,rejected,qwen3-vl:4b,aqs-five-field-v2,2026-06-29T10:09:30+00:00,1,2.5,pending,,,,,,,,,
capture_0286,tools/dataset/captures/http_300_aqs_20260626T2040Z/capture_0286.jpg,2,0,8200,0,0,false,test,ocr_invalid_or_implausible,rejected,qwen3-vl:4b,aqs-five-field-v2,2026-06-29T10:09:37+00:00,1,2.4,pending,,,,,,,,,
capture_0287,tools/dataset/captures/http_300_aqs_20260626T2040Z/capture_0287.jpg,2,0,0,0,0,false,test,ocr_invalid_or_implausible,rejected,qwen3-vl:4b,aqs-five-field-v2,2026-06-29T10:18:32+00:00,1,2.4,pending,,,,,,,,,
capture_0288,tools/dataset/captures/http_300_aqs_20260626T2040Z/capture_0288.jpg,2,0,8200,2,0,false,test,ocr_invalid_or_implausible,rejected,qwen3-vl:4b,aqs-five-field-v2,2026-06-29T10:19:41+00:00,1,2.6,pending,,,,,,,,,
capture_0289,tools/dataset/captures/http_300_aqs_20260626T2040Z/capture_0289.jpg,2,0,46,0,0,false,test,ocr_invalid_or_implausible,rejected,qwen3-vl:4b,aqs-five-field-v2,2026-06-29T10:11:28+00:00,1,2.5,pending,,,,,,,,,
capture_0290,tools/dataset/captures/http_300_aqs_20260626T2040Z/capture_0290.jpg,2,0,0,0,0,false,test,ocr_invalid_or_implausible,rejected,qwen3-vl:4b,aqs-five-field-v2,2026-06-29T10:07:26+00:00,1,2.0,pending,,,,,,,,,
capture_0291,tools/dataset/captures/http_300_aqs_20260626T2040Z/capture_0291.jpg,2,0,8200,0,0,false,test,ocr_invalid_or_implausible,rejected,qwen3-vl:4b,aqs-five-field-v2,2026-06-29T10:15:09+00:00,1,2.8,pending,,,,,,,,,
capture_0292,tools/dataset/captures/http_300_aqs_20260626T2040Z/capture_0292.jpg,2,0,8200,0,0,false,test,ocr_invalid_or_implausible,rejected,qwen3-vl:4b,aqs-five-field-v2,2026-06-29T10:05:02+00:00,1,1.9,pending,,,,,,,,,
capture_0293,tools/dataset/captures/http_300_aqs_20260626T2040Z/capture_0293.jpg,2,12,0,0,0,false,test,ocr_invalid_or_implausible,rejected,qwen3-vl:4b,aqs-five-field-v2,2026-06-29T10:14:04+00:00,1,2.6,pending,,,,,,,,,
capture_0294,tools/dataset/captures/http_300_aqs_20260626T2040Z/capture_0294.jpg,2,1,0,13,36,false,test,ocr_invalid_or_implausible,rejected,qwen3-vl:4b,aqs-five-field-v2,2026-06-29T10:12:59+00:00,1,2.6,pending,,,,,,,,,
capture_0295,tools/dataset/captures/http_300_aqs_20260626T2040Z/capture_0295.jpg,2,1,0,13,36,false,test,ocr_invalid_or_implausible,rejected,qwen3-vl:4b,aqs-five-field-v2,2026-06-29T10:21:15+00:00,1,2.6,pending,,,,,,,,,
capture_0296,tools/dataset/captures/http_300_aqs_20260626T2040Z/capture_0296.jpg,2,12,8200,11,0,true,test,ollama_ocr,accepted,qwen3-vl:4b,aqs-five-field-v2,2026-06-29T10:19:48+00:00,1,2.7,pending,,,,,,,,,co2_ppm:8200:neighbor_median=450;tvoc_raw:0:neighbor_median=36;temperature_c:2:neighbor_median=21
capture_0297,tools/dataset/captures/http_300_aqs_20260626T2040Z/capture_0297.jpg,2,1,0,13,36,false,test,ocr_invalid_or_implausible,rejected,qwen3-vl:4b,aqs-five-field-v2,2026-06-29T10:04:53+00:00,1,1.9,pending,,,,,,,,,
capture_0298,tools/dataset/captures/http_300_aqs_20260626T2040Z/capture_0298.jpg,-1,-1,-1,-1,-1,false,test,ollama_network_error: Ollama HTTP 500: Internal Server Error,error,qwen3-vl:4b,aqs-five-field-v2,2026-06-29T10:18:29+00:00,2,0.3,pending,,,,,,,,,
capture_0299,tools/dataset/captures/http_300_aqs_20260626T2040Z/capture_0299.jpg,20,0,0,13,36,false,test,ocr_invalid_or_implausible,rejected,qwen3-vl:4b,aqs-five-field-v2,2026-06-29T10:15:20+00:00,1,2.7,pending,,,,,,,,,
capture_0300,tools/dataset/captures/http_300_aqs_20260626T2040Z/capture_0300.jpg,2,1,0,13,36,false,test,ocr_invalid_or_implausible,rejected,qwen3-vl:4b,aqs-five-field-v2,2026-06-29T10:15:28+00:00,1,2.6,pending,,,,,,,,,
